Product Name,Product Price,Product URL,Product Rating,Product Reviews
Not Available,Not Available,https://www.amazon.inhttps://aax-eu.amazon.in/x/c/RIyB5DghmoIb-Uuh7Kf-0n8AAAGLTpsd8QMAAAH2AQBvbm9fdHhuX2JpZDMgICBvbm9fdHhuX2ltcDEgICCwzIjX/https://www.amazon.in/stores/page/BF4942D4-A9C4-4BDD-93D6-BB758B33BB6D/?_encoding=UTF8&store_ref=SB_A10368362IVKR0QSDBAWT&pd_rd_plhdr=t&aaxitk=124f84b9935a905acff9aa4095efd908&hsa_cr_id=0&lp_asins=B07175NCS4%2CB00MR4HO1K%2CB07TY588RH&lp_query=bags&lp_slot=auto-sparkle-hsa-tetris&ref_=sbx_be_s_sparkle_mcd_bkgd&pd_rd_w=Qe9xx&content-id=amzn1.sym.bc0e77cc-908d-4121-87d3-b355b997dda7%3Aamzn1.sym.bc0e77cc-908d-4121-87d3-b355b997dda7&pf_rd_p=bc0e77cc-908d-4121-87d3-b355b997dda7&pf_rd_r=YDC77YDKK4JKDDETJ6G1&pd_rd_wg=3uWYT&pd_rd_r=2254ab92-8c0e-40ea-b25f-1da07b03cf02,3.6 out of 5 stars.,Not Available
Not Available,Not Available,Not Available,Not Available,Price and other details may vary based on product size and colour.
Not Available,"₹2,199₹2,199",https://www.amazon.in/Safari-Polyester-Softsided-Luggage-PRISMA554WBLU/dp/B07FZCHTV8/ref=sr_1_49?crid=2M096C61O4MLT&keywords=bags&qid=1697830870&sprefix=ba%2Caps%2C283&sr=8-49,4.2 out of 5 stars,"9,373"
Not Available,₹259₹259,https://www.amazon.in/Frantic-Velvet-School-Nursery-Travelling/dp/B09176PYDR/ref=sr_1_50?crid=2M096C61O4MLT&keywords=bags&qid=1697830870&sprefix=ba%2Caps%2C283&sr=8-50,3.8 out of 5 stars,"3,437"
Not Available,₹307₹307,https://www.amazon.in/ZaySoo-Stylish-Backpack-College-Business/dp/B0BVZL49N8/ref=sr_1_51?crid=2M096C61O4MLT&keywords=bags&qid=1697830870&sprefix=ba%2Caps%2C283&sr=8-51,5.0 out of 5 stars,2
Not Available,Not Available,Not Available,Not Available,Not Available
Not Available,₹697₹697,https://www.amazon.in/ROZEN-partition-Collage-Backpack-SKYBLUE/dp/B0BRTFGG22/ref=sr_1_52?crid=2M096C61O4MLT&keywords=bags&qid=1697830870&sprefix=ba%2Caps%2C283&sr=8-52,4.1 out of 5 stars,347
Not Available,₹689₹689,https://www.amazon.in/Half-Moon-Resistant-Backpack-Compartment/dp/B0BJ32LQ6X/ref=sr_1_53?crid=2M096C61O4MLT&keywords=bags&qid=1697830870&sprefix=ba%2Caps%2C283&sr=8-53,3.9 out of 5 stars,"3,861"
Not Available,₹498₹498,https://www.amazon.in/Zebronics-Techshield-Compartment-15-6-inch-Polyester/dp/B0C6QTMYFG/ref=sr_1_54?crid=2M096C61O4MLT&keywords=bags&qid=1697830870&sprefix=ba%2Caps%2C283&sr=8-54,3.3 out of 5 stars,13
Not Available,"₹1,749₹1,749",https://www.amazon.in/Killer-Backpack-Compartments-Polyester-Waterproof/dp/B07CDD6YS2/ref=sr_1_55?crid=2M096C61O4MLT&keywords=bags&qid=1697830870&sprefix=ba%2Caps%2C283&sr=8-55,4.4 out of 5 stars,"9,472"
Not Available,₹474₹474,https://www.amazon.in/Street27%C2%AE-Canvas-Corduroy-Tote-Multi-Purpose/dp/B0BQCBHJLP/ref=sr_1_56?crid=2M096C61O4MLT&keywords=bags&qid=1697830870&sprefix=ba%2Caps%2C283&sr=8-56,4.0 out of 5 stars,141
Not Available,"₹1,599₹1,599",https://www.amazon.in/Dell-Pro-Slim-Backpack-15/dp/B07PMQTB6T/ref=sr_1_57?crid=2M096C61O4MLT&keywords=bags&qid=1697830870&sprefix=ba%2Caps%2C283&sr=8-57,4.3 out of 5 stars,502
Not Available,Not Available,Not Available,Not Available,Not Available
Not Available,"₹1,036₹1,036",https://www.amazon.in/Dell-Essential-Backpack-15-ES1520P/dp/B07TTCXHRH/ref=sr_1_58?crid=2M096C61O4MLT&keywords=bags&qid=1697830870&sprefix=ba%2Caps%2C283&sr=8-58,4.0 out of 5 stars,"6,904"
Not Available,₹599₹599,https://www.amazon.in/WILDHORN-Backpack-Compartment-Business-Stitching/dp/B09QL81ZHB/ref=sr_1_59?crid=2M096C61O4MLT&keywords=bags&qid=1697830870&sprefix=ba%2Caps%2C283&sr=8-59,4.1 out of 5 stars,"1,986"
Not Available,₹413₹413,https://www.amazon.in/SFANE-Duffel-Shoulder-Women-Compartment/dp/B07ZC77WTW/ref=sr_1_60?crid=2M096C61O4MLT&keywords=bags&qid=1697830870&sprefix=ba%2Caps%2C283&sr=8-60,4.3 out of 5 stars,"3,165"
Not Available,₹259₹259,https://www.amazon.in/Amazon-Brand-Presto-Oxo-Biodegradable-Garbage/dp/B0821PKWBW/ref=sr_1_61?crid=2M096C61O4MLT&keywords=bags&qid=1697830870&sprefix=ba%2Caps%2C283&sr=8-61,4.3 out of 5 stars,"15,941"
Not Available,₹619₹619,https://www.amazon.in/Puma-Ltrs-Cms-Backpack-7837402_Grey/dp/B089T98TKG/ref=sr_1_62?crid=2M096C61O4MLT&keywords=bags&qid=1697830870&sprefix=ba%2Caps%2C283&sr=8-62,4.0 out of 5 stars,501
Not Available,₹499₹499,https://www.amazon.in/AmazonBasics-Vacuum-Compression-Storage-Medium/dp/B07RTJV6G4/ref=sr_1_63?crid=2M096C61O4MLT&keywords=bags&qid=1697830870&sprefix=ba%2Caps%2C283&sr=8-63,4.4 out of 5 stars,"7,830"
Not Available,₹540₹540,https://www.amazon.in/NORTH-ZONE-Lightweight-Backpacks-Stylish/dp/B0BL3S5NC1/ref=sr_1_64?crid=2M096C61O4MLT&keywords=bags&qid=1697830870&sprefix=ba%2Caps%2C283&sr=8-64,4.0 out of 5 stars,"1,122"
Not Available,Not Available,https://www.amazon.in/s/?k=bags+for+girls&ref=sugsr_0&pd_rd_w=bJsfR&content-id=amzn1.sym.24ae232a-c74b-4e8a-8b9f-7da0f652110d:amzn1.sym.24ae232a-c74b-4e8a-8b9f-7da0f652110d&pf_rd_p=24ae232a-c74b-4e8a-8b9f-7da0f652110d&pf_rd_r=YDC77YDKK4JKDDETJ6G1&pd_rd_wg=GL99c&pd_rd_r=0d84ef97-2401-46a5-93f9-0d42c9a3b917&qid=1697830870,Not Available,bags for girls
Not Available,Not Available,Not Available,Not Available,Not Available
Not Available,Not Available,https://www.amazon.inhttps://aax-eu.amazon.in/x/c/RE0wlCUCyaz7OEI3ooBcs7kAAAGLTpse3AMAAAH2AQBvbm9fdHhuX2JpZDEgICBvbm9fdHhuX2ltcDEgICAU3AYp/https://www.amazon.in/stores/page/D71A0AB4-3DC1-4E8F-BFAD-AA032940176C/?_encoding=UTF8&store_ref=SB_A094885035N554WGXUDHR&pd_rd_plhdr=t&aaxitk=6afaf99f0e8401df6ba17d0df954069a&hsa_cr_id=0&lp_asins=B07RY9QPDT%2CB0BGSJNT9M%2CB084W559G8&lp_query=bags&lp_slot=desktop-hsa-3psl&ref_=sbx_be_s_3psl_mbd_mb0_bkgd&pd_rd_w=qXrrF&content-id=amzn1.sym.f1a4d09d-a292-48da-a86f-03294c9a41ef%3Aamzn1.sym.f1a4d09d-a292-48da-a86f-03294c9a41ef&pf_rd_p=f1a4d09d-a292-48da-a86f-03294c9a41ef&pf_rd_r=YDC77YDKK4JKDDETJ6G1&pd_rd_wg=BSN4e&pd_rd_r=f972264b-394b-4b18-b9f3-5d551955049f,Not Available,Not Available
Not Available,Not Available,https://www.amazon.in/gp/help/customer/display.html?nodeId=201889520,Not Available,or
Not Available,Not Available,Not Available,Not Available,Not Available
Not Available,Not Available,https://www.amazon.inhttps://aax-eu.amazon.in/x/c/RM6bY5B7xPnc81QiETLf2XAAAAGLTpsv7QMAAAH2AQBvbm9fdHhuX2JpZDEgICBvbm9fdHhuX2ltcDEgICBLOTTN/https://www.amazon.in/stores/page/BF4942D4-A9C4-4BDD-93D6-BB758B33BB6D/?_encoding=UTF8&store_ref=SB_A10368362IVKR0QSDBAWT&pd_rd_plhdr=t&aaxitk=124f84b9935a905acff9aa4095efd908&hsa_cr_id=0&lp_asins=B07175NCS4%2CB00MR4HO1K%2CB07TY588RH&lp_query=bags&lp_slot=auto-sparkle-hsa-tetris&ref_=sbx_be_s_sparkle_mcd_bkgd&pd_rd_w=8EOW7&content-id=amzn1.sym.bc0e77cc-908d-4121-87d3-b355b997dda7%3Aamzn1.sym.bc0e77cc-908d-4121-87d3-b355b997dda7&pf_rd_p=bc0e77cc-908d-4121-87d3-b355b997dda7&pf_rd_r=JCWPYSZMWPAAF0AZE6NF&pd_rd_wg=YZQjU&pd_rd_r=6fb5d7eb-8cc2-4417-87ce-391f83e20afa,3.6 out of 5 stars.,Not Available
Not Available,Not Available,Not Available,Not Available,Price and other details may vary based on product size and colour.
Not Available,"₹1,099₹1,099",https://www.amazon.in/American-Tourister-FS0-11-001/dp/B07S13P8BW/ref=sr_1_257?crid=2M096C61O4MLT&keywords=bags&qid=1697830875&sprefix=ba%2Caps%2C283&sr=8-257,4.0 out of 5 stars,"1,509"
Not Available,"₹1,197₹1,197",https://www.amazon.in/RIONTO-Messenger-Bag-Expandable-Supports/dp/B0C5T56YNY/ref=sr_1_258?crid=2M096C61O4MLT&keywords=bags&qid=1697830875&sprefix=ba%2Caps%2C283&sr=8-258,4.6 out of 5 stars,192
Not Available,₹649₹649,https://www.amazon.in/Puma-Polyester-Cms-Duffle-7837502_Peach/dp/B089T8WD46/ref=sr_1_259?crid=2M096C61O4MLT&keywords=bags&qid=1697830875&sprefix=ba%2Caps%2C283&sr=8-259,4.0 out of 5 stars,213
Not Available,Not Available,Not Available,Not Available,Not Available
Not Available,₹329₹329,https://www.amazon.in/ADISA-Womens-Sling-Bag-SL5059-BLA_Black/dp/B0915VZVM6/ref=sr_1_260?crid=2M096C61O4MLT&keywords=bags&qid=1697830875&sprefix=ba%2Caps%2C283&sr=8-260,4.1 out of 5 stars,"2,339"
Not Available,"₹1,299₹1,299",https://www.amazon.in/Fur-Jaden-Leather-Resistant-Backpack/dp/B079KBP4VM/ref=sr_1_261?crid=2M096C61O4MLT&keywords=bags&qid=1697830875&sprefix=ba%2Caps%2C283&sr=8-261,4.0 out of 5 stars,"1,405"
Not Available,₹629₹629,https://www.amazon.in/Travel-Duffle-Weekend-Luggage-Sports/dp/B086PYLWS3/ref=sr_1_262?crid=2M096C61O4MLT&keywords=bags&qid=1697830875&sprefix=ba%2Caps%2C283&sr=8-262,4.1 out of 5 stars,967
Not Available,₹459₹459,https://www.amazon.in/Wooum-Resistant-Material-Messenger-Compartment/dp/B09KV7Y3KL/ref=sr_1_263?crid=2M096C61O4MLT&keywords=bags&qid=1697830875&sprefix=ba%2Caps%2C283&sr=8-263,3.9 out of 5 stars,322
Not Available,"₹1,129₹1,129",https://www.amazon.in/Lavie-Pamukkale-Womens-Satchel-Beige/dp/B07TDN7777/ref=sr_1_264?crid=2M096C61O4MLT&keywords=bags&qid=1697830875&sprefix=ba%2Caps%2C283&sr=8-264,3.9 out of 5 stars,"2,364"
Not Available,₹399₹399,https://www.amazon.in/Gear-Inspired-Moving-training-DUFINDAVMVG05/dp/B08DV7YZL6/ref=sr_1_265?crid=2M096C61O4MLT&keywords=bags&qid=1697830875&sprefix=ba%2Caps%2C283&sr=8-265,4.3 out of 5 stars,"1,343"
Not Available,Not Available,Not Available,Not Available,Not Available
Not Available,₹211.38₹211.38,https://www.amazon.in/ORILEY-Growing-Standing-Balcony-Nursery/dp/B0BX6W2FKY/ref=sr_1_266?crid=2M096C61O4MLT&keywords=bags&qid=1697830875&sprefix=ba%2Caps%2C283&sr=8-266,4.9 out of 5 stars,32
Not Available,₹198₹198,https://www.amazon.in/gp/bestsellers/hpc/11364893031/ref=sr_bs_10_11364893031_1,4.0 out of 5 stars,"4,528"
Not Available,₹918₹918,https://www.amazon.in/Urban-Tribe-Laptop-Backpack-Havana/dp/B01LXNNFDF/ref=sr_1_268?crid=2M096C61O4MLT&keywords=bags&qid=1697830875&sprefix=ba%2Caps%2C283&sr=8-268,3.9 out of 5 stars,821
Not Available,₹399₹399,https://www.amazon.in/Deal-Polyester-Backpack-Computer-Resistant/dp/B08RC39B71/ref=sr_1_269?crid=2M096C61O4MLT&keywords=bags&qid=1697830875&sprefix=ba%2Caps%2C283&sr=8-269,3.4 out of 5 stars,503
Not Available,"₹1,366₹1,366",https://www.amazon.in/Killer-Grey-Polyester-Backpack-Checkers/dp/B07VF5V55Y/ref=sr_1_270?crid=2M096C61O4MLT&keywords=bags&qid=1697830875&sprefix=ba%2Caps%2C283&sr=8-270,4.3 out of 5 stars,710
Not Available,₹989₹989,https://www.amazon.in/Lino-Perros-Womens-Lavender-Handbag/dp/B0CBQ41BYZ/ref=sr_1_271?crid=2M096C61O4MLT&keywords=bags&qid=1697830875&sprefix=ba%2Caps%2C283&sr=8-271,4.2 out of 5 stars,"1,467"
Not Available,"₹1,099₹1,099",https://www.amazon.in/American-Tourister-FS0-41-002/dp/B07S13B1HR/ref=sr_1_272?crid=2M096C61O4MLT&keywords=bags&qid=1697830875&sprefix=ba%2Caps%2C283&sr=8-272,4.1 out of 5 stars,"1,234"
Not Available,Not Available,https://www.amazon.in/s/?k=bags+for+girls&ref=sugsr_0&pd_rd_w=MzKTy&content-id=amzn1.sym.24ae232a-c74b-4e8a-8b9f-7da0f652110d:amzn1.sym.24ae232a-c74b-4e8a-8b9f-7da0f652110d&pf_rd_p=24ae232a-c74b-4e8a-8b9f-7da0f652110d&pf_rd_r=JCWPYSZMWPAAF0AZE6NF&pd_rd_wg=aYWdu&pd_rd_r=0c54586f-1aa5-4fc9-94a0-d3af320e9bd1&qid=1697830875,Not Available,bags for girls
Not Available,Not Available,Not Available,Not Available,Not Available
Not Available,Not Available,https://www.amazon.inhttps://aax-eu.amazon.in/x/c/RKpaodw7LjU-3ahFigPmyTYAAAGLTpsw2gMAAAH2AQBvbm9fdHhuX2JpZDEgICBvbm9fdHhuX2ltcDEgICAUyK8w/https://www.amazon.in/stores/page/D71A0AB4-3DC1-4E8F-BFAD-AA032940176C/?_encoding=UTF8&store_ref=SB_A094885035N554WGXUDHR&pd_rd_plhdr=t&aaxitk=6afaf99f0e8401df6ba17d0df954069a&hsa_cr_id=0&lp_asins=B07RY9QPDT%2CB0BGSJNT9M%2CB084W559G8&lp_query=bags&lp_slot=desktop-hsa-3psl&ref_=sbx_be_s_3psl_mbd_mb0_bkgd&pd_rd_w=vrYSZ&content-id=amzn1.sym.f1a4d09d-a292-48da-a86f-03294c9a41ef%3Aamzn1.sym.f1a4d09d-a292-48da-a86f-03294c9a41ef&pf_rd_p=f1a4d09d-a292-48da-a86f-03294c9a41ef&pf_rd_r=JCWPYSZMWPAAF0AZE6NF&pd_rd_wg=3YLzw&pd_rd_r=9bfaac52-c114-4c4e-a556-5a450b8369cf,Not Available,Not Available
Not Available,Not Available,https://www.amazon.in/gp/help/customer/display.html?nodeId=201889520,Not Available,or
Not Available,Not Available,Not Available,Not Available,Not Available
